﻿<?xml version="1.0" encoding="utf-8"?>
<ProjectSchemaDefinitions xmlns="http://schemas.microsoft.com/build/2009/properties" xmlns:x="http://schemas.microsoft.com/winfx/2006/xaml" xmlns:sys="clr-namespace:System;assembly=mscorlib">
  <Rule
    Name="UASM"
    PageTemplate="tool"
    DisplayName="UASM Macro Assembler"
    Order="200">
    <Rule.DataSource>
      <DataSource
        Persistence="ProjectFile"
        ItemType="UASM" />
    </Rule.DataSource>
    <Rule.Categories>
      <Category
        Name="General">
        <Category.DisplayName>
          <sys:String>General</sys:String>
        </Category.DisplayName>
      </Category>
      <Category
        Name="Command Line"
        Subtype="CommandLine">
        <Category.DisplayName>
          <sys:String>Command Line</sys:String>
        </Category.DisplayName>
      </Category>
    </Rule.Categories>
    <StringProperty
      Name="Inputs"
      Category="Command Line"
      IsRequired="true">
      <StringProperty.DataSource>
        <DataSource
          Persistence="ProjectFile"
          ItemType="UASM"
          SourceType="Item" />
      </StringProperty.DataSource>
    </StringProperty>
    <BoolProperty
      Name="NoLogo"
      HelpUrl="http://msdn.microsoft.com/library/default.asp?url=/library/en-us/vcmasm/html/vclrfml.asp"
      DisplayName="Suppress Startup Banner"
      Description="Suppress the display of the startup banner and information messages."
      Switch="-nologo" />
    <BoolProperty
      Name="GeneratePreprocessedSourceListing"
      Category="Listing File"
      HelpUrl="http://msdn.microsoft.com/library/default.asp?url=/library/en-us/vcmasm/html/vclrfml.asp"
      DisplayName="Generate Preprocessed Source Listing"
      Description="Generates a preprocessed source listing to the Output Window."
      Switch="-EP" />
    <BoolProperty
      Name="ListAllAvailableInformation"
      Category="Listing File"
      HelpUrl="http://msdn.microsoft.com/library/default.asp?url=/library/en-us/vcmasm/html/vclrfml.asp"
      DisplayName="List All Available Information"
      Description="Turns on listing of all available information."
      Switch="-Sa" />
    <BoolProperty
      Name="UseSafeExceptionHandlers"
      Category="Advanced"
      HelpUrl="http://msdn.microsoft.com/library/default.asp?url=/library/en-us/vcmasm/html/vclrfml.asp"
      DisplayName="Use Safe Exception Handlers"
      Description="Marks the object as either containing no exception handlers or containing exception handlers that are all declared with .SAFESEH."
      Switch="-safeseh" />
    <BoolProperty
      Name="AddFirstPassListing"
      Category="Listing File"
      HelpUrl="http://msdn.microsoft.com/library/default.asp?url=/library/en-us/vcmasm/html/vclrfml.asp"
      DisplayName="Add First Pass Listing"
      Description="Adds first-pass listing to listing file."
      Switch="-Sf" />
    <BoolProperty
      Name="EnableAssemblyGeneratedCodeListing"
      Category="Listing File"
      HelpUrl="http://msdn.microsoft.com/library/default.asp?url=/library/en-us/vcmasm/html/vclrfml.asp"
      DisplayName="Enable Assembly Generated Code Listing"
      Description="Turns on listing of assembly-generated code."
      Switch="-Sg" />
    <BoolProperty
      Name="DisableSymbolTable"
      Category="Listing File"
      HelpUrl="http://msdn.microsoft.com/library/default.asp?url=/library/en-us/vcmasm/html/vclrfml.asp"
      DisplayName="Disable Symbol Table"
      Description="Turns off symbol table when producing a listing."
      Switch="-Sn" />
    <BoolProperty
      Name="EnableFalseConditionalsInListing"
      Category="Listing File"
      HelpUrl="http://msdn.microsoft.com/library/default.asp?url=/library/en-us/vcmasm/html/vclrfml.asp"
      DisplayName="Enable False Conditionals In Listing"
      Description="Turns on false conditionals in listing."
      Switch="-Sx" />
    <BoolProperty
      Name="TreatWarningsAsErrors"
      HelpUrl="http://msdn.microsoft.com/library/default.asp?url=/library/en-us/vcmasm/html/vclrfml.asp"
      DisplayName="Treat Warnings As Errors"
      Description="Returns an error code if warnings are generated."
      Switch="-WX" />
    <BoolProperty
      Name="MakeAllSymbolsPublic"
      Category="Object File"
      HelpUrl="http://msdn.microsoft.com/library/default.asp?url=/library/en-us/vcmasm/html/vclrfml.asp"
      DisplayName="Make All Symbols Public"
      Description="Makes all symbols public."
      Switch="-Zf" />
    <BoolProperty
      Name="MASMCodeGen"
      Category="Object File"
      HelpUrl="http://msdn.microsoft.com/library/default.asp?url=/library/en-us/vcmasm/html/vclrfml.asp"
      DisplayName="Match MASM's Code Generation"      
      Description="Code Generation is the same as MASM's."      
      Switch="-Zg" />
    <BoolProperty
      Name="GenerateDebugInformation"
      HelpUrl="http://msdn.microsoft.com/library/default.asp?url=/library/en-us/vcmasm/html/vclrfml.asp"
      DisplayName="Generate Debug Information"
      Description="Generates Debug Information."
      Switch="-Zi" />
    <BoolProperty
      Name="AddLineNumberDebugInformation"
      HelpUrl="http://msdn.microsoft.com/library/default.asp?url=/library/en-us/vcmasm/html/vclrfml.asp"
      DisplayName="Add Line Number Debug Information"
      Description="Generates line number debug information for OMF and COFF output format. For other formats, this option is ignored."
      Switch="-Zd" />
    <BoolProperty
      Name="EnableMASM51Compatibility"
      HelpUrl="http://msdn.microsoft.com/library/default.asp?url=/library/en-us/vcmasm/html/vclrfml.asp"
      DisplayName="Enable MASM 5.1 Compatibility"
      Description="Enables M510 option for maximum compatibility with MASM 5.1."
      Switch="-Zm" />
    <BoolProperty
      Name="StrictMASMCompatibility"
      HelpUrl="http://msdn.microsoft.com/library/default.asp?url=/library/en-us/vcmasm/html/vclrfml.asp"
      DisplayName="Strict MASM Compatibility"
      Description="Disables syntax extensions which MASM won't understand."
      Switch="-Zne" />
    <BoolProperty
      Name="PerformSyntaxCheckOnly"
      HelpUrl="http://msdn.microsoft.com/library/default.asp?url=/library/en-us/vcmasm/html/vclrfml.asp"
      DisplayName="Perform Syntax Check Only"
      Description="Performs a syntax check only."
      Switch="-Zs" />
    <StringProperty
      Name="ObjectFileName"
      Category="Object File"
      HelpUrl="http://msdn.microsoft.com/library/default.asp?url=/library/en-us/vcmasm/html/vclrfml.asp"
      DisplayName="Object File Name"
      Description="Specifies the name of the output object file.     (-Fo[file])"
      Switch="-Fo&quot;[value]&quot;" />
    <StringListProperty
      Name="PreprocessorDefinitions"
      HelpUrl="http://msdn.microsoft.com/library/default.asp?url=/library/en-us/vcmasm/html/vclrfml.asp"
      DisplayName="Preprocessor Definitions"
      Description="Defines a text macro with the given name.     (-D[symbol])"
      Switch="-D&quot;[value]&quot;" />
    <StringProperty
      Name="AssembledCodeListingFile"
      Category="Listing File"
      HelpUrl="http://msdn.microsoft.com/library/default.asp?url=/library/en-us/vcmasm/html/vclrfml.asp"
      DisplayName="Assembled Code Listing File"
      Description="Generates an assembled code listing file.     (-Fl[file])"
      Switch="-Fl&quot;[value]&quot;" />
    <StringListProperty
      Name="IncludePaths"
      HelpUrl="http://msdn.microsoft.com/library/default.asp?url=/library/en-us/vcmasm/html/vclrfml.asp"
      DisplayName="Include Paths"
      Description="Sets path for include file. A maximum of 10 /I options is allowed.     (-I [path])"
      Switch="-I &quot;[value]&quot;" />
    <StringListProperty
      Name="BrowseFile"
      Category="Advanced"
      HelpUrl="http://msdn.microsoft.com/library/default.asp?url=/library/en-us/vcmasm/html/vclrfml.asp"
      DisplayName="Generate Browse Information File"
      Description="Specifies whether to generate browse information file and its optional name or location of the browse information file.     (/FR[name])"
      Switch="-FR&quot;[value]&quot;" />
    <EnumProperty
      Name="PreserveIdentifierCase"
      HelpUrl="http://msdn.microsoft.com/library/default.asp?url=/library/en-us/vcmasm/html/vclrfml.asp"
      DisplayName="Preserve Identifier Case"
      Description="Specifies preservation of case of user identifiers..">
      <EnumValue
        Name="0"
        DisplayName="Default" />
      <EnumValue
        Name="1"
        DisplayName="Preserves Identifier Case (/Cp)"
        Switch="-Cp" />
      <EnumValue
        Name="2"
        DisplayName="Maps all identifiers to upper case. (/Cu)"
        Switch="-Cu" />
      <EnumValue
        Name="3"
        DisplayName="Preserves case in public and extern symbols. (/Cx)"
        Switch="-Cx" />
    </EnumProperty>
    <EnumProperty
        Name="CNamesDecoration"  
        HelpUrl="http://msdn.microsoft.com/library/default.asp?url=/library/en-us/vcmasm/html/vclrfml.asp"
        Category="Object File"
        DisplayName="C names are decorated (32-bit only)"
        Description="C names are decorated with _ prefix (32-bit only).">
      <EnumValue
          Name="0"
          DisplayName="C names are decorated (default)"
          Switch="-zcm" />
       <EnumValue
          Name="1"
          DisplayName="No name decoration for C symbols"
          Switch="-zcw" />
    </EnumProperty>          
    <EnumProperty
        Name="StdcallSymbolDecoration"
        Category="Object File"
        DisplayName="Stdcall symbol decoration (32-bit only)"
        HelpUrl="http://msdn.microsoft.com/library/default.asp?url=/library/en-us/vcmasm/html/vclrfml.asp"
        Description="Set STDCALL symbol decoration.">
       <EnumValue
          Name="0"
          DisplayName="No name decoration"
          Switch="-zt0" />
       <EnumValue
          Name="1"
          DisplayName="No @size suffix for functions"
          Switch="-zt1" />
       <EnumValue
          Name="2"
          DisplayName="Full decoration (default)"
          Switch="-zt2" />
    </EnumProperty>
    <EnumProperty
      Name="WarningLevel"
      HelpUrl="http://msdn.microsoft.com/library/default.asp?url=/library/en-us/vcmasm/html/vclrfml.asp"
      DisplayName="Warning Level"
      Description="Sets the warning level, where level = 0, 1, 2, or 3.">
      <EnumValue
        Name="0"
        DisplayName="Warning Level 0"
        Switch="-W0" />
      <EnumValue
        Name="1"
        DisplayName="Warning Level 1"
        Switch="-W1" />
      <EnumValue
        Name="2"
        DisplayName="Warning Level 2"
        Switch="-W2" />
      <EnumValue
        Name="3"
        DisplayName="Warning Level 3"
        Switch="-W3" />
    </EnumProperty>
    <EnumProperty
      Name="PackAlignmentBoundary"
      Category="Advanced"
      HelpUrl="http://msdn.microsoft.com/library/default.asp?url=/library/en-us/vcmasm/html/vclrfml.asp"
      DisplayName="Pack Alignment Boundary"
      Description="Packs structures on the specified byte boundary. The alignment can be 1, 2, 4, 8 or 16.">
      <EnumValue
        Name="0"
        DisplayName="Default" />
      <EnumValue
        Name="1"
        DisplayName="One Byte Boundary (/Zp1)"
        Switch="-Zp1" />
      <EnumValue
        Name="2"
        DisplayName="Two Byte Boundary (/Zp2)"
        Switch="-Zp2" />
      <EnumValue
        Name="3"
        DisplayName="Four Byte Boundary (/Zp4)"
        Switch="-Zp4" />
      <EnumValue
        Name="4"
        DisplayName="Eight Byte Boundary (/Zp8)"
        Switch="-Zp8" />
      <EnumValue
        Name="5"
        DisplayName="Sixteen Byte Boundary (/Zp16)"
        Switch="-Zp16" />
    </EnumProperty>
    <EnumProperty
      Name="CallingConvention"
      Category="Advanced"
      HelpUrl="http://msdn.microsoft.com/library/default.asp?url=/library/en-us/vcmasm/html/vclrfml.asp"
      DisplayName="Calling Convention"
      Description="Selects calling convention for your application.">
      <EnumValue
        Name="0"
        DisplayName="Default" />
      <EnumValue
        Name="1"
        DisplayName="Use C-style Calling Convention"
        Switch="-Gd" />
      <EnumValue
        Name="2"
        DisplayName="Use stdcall Calling Convention"
        Switch="-Gz" />
      <EnumValue
        Name="3"
        DisplayName="Use Pascal Calling Convention"
        Switch="-Gc" />
    </EnumProperty>
    <StringProperty
      Name="CommandLineTemplate"
      DisplayName="Command Line"
      Visible="False"
      IncludeInCommandLine="False" />
    <DynamicEnumProperty
     Name="UASMBeforeTargets"
     Category="General"
     EnumProvider="Targets"
     IncludeInCommandLine="False">
      <DynamicEnumProperty.DisplayName>
        <sys:String>Execute Before</sys:String>
      </DynamicEnumProperty.DisplayName>
      <DynamicEnumProperty.Description>
        <sys:String>Specifies the targets for the build customization to run before.</sys:String>
      </DynamicEnumProperty.Description>
      <DynamicEnumProperty.ProviderSettings>
        <NameValuePair
          Name="Exclude"
          Value="^UASMBeforeTargets|^Compute" />
      </DynamicEnumProperty.ProviderSettings>
      <DynamicEnumProperty.DataSource>
        <DataSource
          Persistence="ProjectFile"
          ItemType=""
          HasConfigurationCondition="true" />
      </DynamicEnumProperty.DataSource>
    </DynamicEnumProperty>
    <DynamicEnumProperty
      Name="UASMAfterTargets"
      Category="General"
      EnumProvider="Targets"
      IncludeInCommandLine="False">
      <DynamicEnumProperty.DisplayName>
        <sys:String>Execute After</sys:String>
      </DynamicEnumProperty.DisplayName>
      <DynamicEnumProperty.Description>
        <sys:String>Specifies the targets for the build customization to run after.</sys:String>
      </DynamicEnumProperty.Description>
      <DynamicEnumProperty.ProviderSettings>
        <NameValuePair
          Name="Exclude"
          Value="^UASMAfterTargets|^Compute" />
      </DynamicEnumProperty.ProviderSettings>
      <DynamicEnumProperty.DataSource>
        <DataSource
          Persistence="ProjectFile"
          ItemType=""
          HasConfigurationCondition="true" />
      </DynamicEnumProperty.DataSource>
    </DynamicEnumProperty>
    <StringProperty
      Name="ExecutionDescription"
      DisplayName="Execution Description"
      IncludeInCommandLine="False"
      Visible="False" />
    <StringListProperty
      Name="AdditionalDependencies"
      DisplayName="Additional Dependencies"
      IncludeInCommandLine="False"
      Visible="False" />
    <StringProperty
      Subtype="AdditionalOptions"
      Name="AdditionalOptions"
      Category="Command Line">
      <StringProperty.DisplayName>
        <sys:String>Additional Options</sys:String>
      </StringProperty.DisplayName>
      <StringProperty.Description>
        <sys:String>Additional Options</sys:String>
      </StringProperty.Description>
    </StringProperty>
  </Rule>
  <ItemType
    Name="UASM"
    DisplayName="UASM Macro Assembler" />
  <FileExtension
    Name="*.asm"
    ContentType="UASM" />
  <ContentType
    Name="UASM"
    DisplayName="UASM Macro Assembler"
    ItemType="UASM" />
</ProjectSchemaDefinitions>
